{
    
    "grid": {
        "noRecords": "هیچ موردی برای نمایش وجود ندارد",
        "pagerFirstPage": "اولین صفحه",
        "pagerPreviousPage": "صفحه قبلی",
        "pagerNextPage": "صفحه بعدی",
        "pagerLastPage": "آخرین صفحه",
        "pagerPage": "صفحه",
        "pagerOf": "از",
        "pagerItems": "موارد",
        "pagerInfo": "{0} - {1} از {2} مورد",
        "pagerItemsPerPage":  "تعداد سطر در هر صفحه",
        "filterEqOperator": " برابر است با",
        "filterNotEqOperator": " برابر نیست با",
        "filterIsNullOperator": " خالی است",
        "filterIsNotNullOperator": " خالی نیست",
        "filterIsEmptyOperator": "خالی است",
        "filterIsNotEmptyOperator": "خالی نیست",
        "filterStartsWithOperator": "شروع شود با",
        "filterContainsOperator": "شامل",
        "filterNotContainsOperator": "شامل نیست",
        "filterEndsWithOperator": "پایان یابد با",
        "filterGteOperator": "برگتر از یا مساوی است با",
        "filterGtOperator": "بزرگتر است از",
        "filterLteOperator": "کوچکتر از یا مساوی است با",
        "filterLtOperator": "کوچکتر از",
        "filterIsTrue": "صحیح است",
        "filterIsFalse": "صحیح نیست",
        "filterBooleanAll": "(همه)",
        "filterAfterOrEqualOperator": "بعد از یا مساوی با",
        "filterAfterOperator": "بعد از",
        "filterBeforeOperator": "قبل از",
        "filterBeforeOrEqualOperator": "قبل از یا مساوی با",
        "filterFilterButton": "فیلتر",
        "filterClearButton": "پاک کردن",
        "filterAndLogic": "و",
        "filterOrLogic": "یا"
    }
}
